{
  "images" : [
    {
      "idiom" : "universal",
      "scale" : "1x",
      "filename" : "11949914731729098287hearth_christoph_brill_01.svg.med.png"
    },
    {
      "idiom" : "universal",
      "scale" : "2x",
      "filename" : "11949914731729098287hearth_christoph_brill_01.svg.med-1.png"
    },
    {
      "idiom" : "universal",
      "scale" : "3x",
      "filename" : "11949914731729098287hearth_christoph_brill_01.svg.med-2.png"
    }
  ],
  "info" : {
    "version" : 1,
    "author" : "xcode"
  }
}